{"ego": [0.16137021977050733, 0.22001681363076975, 0.21083792602389514, 0.19729981243043546, 0.13009014183417678, 0.19915356852388774, 0.20414292650882918, 0.22202921709146836, 0.13230013932875637, 0.1407954653312981, 0.07541388875071832, 0.18591895277977422, 0.17320387947261248, 0.25534105175369004, 0.15584769193955567, 0.14527170605129955, 0.26155837357375916, 0.21535860848555, 0.0960002333671727, 0.14732140012521971], "front": [0.16297016165522127, 0.19703198645603556, 0.13125290472860665, 0.1279000163810645, 0.19385555312065533, 0.16806609381856508, 0.11201841541983973, 0.2180991825100931, 0.18112872774637806, 0.13560940701191507, 0.16170513944061599, 0.1593687715687692, 0.16173712583947936, 0.1637229222751222, 0.18237833440571988, 0.13588949738522377, 0.18252043196313758, 0.1636095835041557, 0.13867935691116368, 0.1402927480569361], "surround": [0.10789410977905461, 0.14550713279246347, 0.11250986776996884, 0.11773724078118379, 0.10703744219706281, 0.14760122703883127, 0.16141800189775912, 0.08884932284300433, 0.11763087507807168, 0.12190956785193195, 0.09329755687268262, 0.16784560312682856, 0.11582016163075325, 0.15607120206595046, 0.11289344164697082, 0.14059167076622986, 0.12824908067866897, 0.0836818180100346, 0.14282403158062237, 0.10967736015430683]}