{"geom": 0.5731749788112521, "scene": 0.5389155889738049, "ade": 0.6030827027870879, "delta_ci": [-0.09967137764912715, 0.036041557694214625]}