{"realA_rho": 0.5731749788112521, "realA_within": 0.5229416833828241, "ade_rho": 0.6030827027870879, "ade_within": 0.5092384754092839, "crossB_rho": 0.261642679836739, "crossB_within": 0.2771960629386892, "n_real": 6227, "n_scenes": 140}