{"default": 7.480425050737893, "reranked": 7.403138088334147, "random": 7.280754185057726, "oracle": 8.133582940291438, "floor": 5.772487398013825, "lift_default_ci": [-0.2656823745996461, 0.11197225155156314], "lift_random_ci": [-0.039960334488802034, 0.2896986846453067], "n_scenes": 143}