{"rho": 0.7356886361261463, "rho_oracle": 0.38957851233301377, "within_model": 0.7303668836810274, "within_oracle": 0.4008895186102918, "n_samples": 27810, "n_test_scenes": 143}