{
  "run_id": "51188418fbcf8ff8ae6b24983172599ffff1b396b577d61c027914185cf4a8fc",
  "n": 60,
  "theta_rfs": 5.0,
  "note": "SYNTHETIC PLUMBING TEST \u2014 correlation is planted by construction; not a scientific finding.",
  "spearman_g1_vs_negRFS": {
    "rho": 0.9594864969801763,
    "ci_low": 0.9165245989049284,
    "ci_high": 0.9811902250727911,
    "p_value": 0.001996007984031936,
    "n": 60
  },
  "failure_mining_g1": {
    "auroc": 0.968,
    "ap": 0.9627228546513327,
    "base_rate": 0.4166666666666667,
    "precision_at_k": {
      "5": 1.0,
      "10": 1.0
    }
  },
  "risk_coverage_g1": {
    "aurc": 2.63630250666507,
    "e_aurc": 0.05289059743821323
  }
}