{"r_learn": 0.14394667310984932, "r_ade": 0.4041351257607104, "tau_learn": 0.08264447991425106, "tau_ade": 0.06011983859587727, "delta": 0.022524641318373784, "delta_ci": [-0.03972558429205764, 0.09957774639106105], "n_scenes": 136, "n_cands": 6080}